species,fruit_type,color,length.max_mm
Acanthella_pulchra,dry,colored,23
Acanthella_sprucei,dry,colored,15
Aciotis_acuminifolia,dry,colored,3.5
Aciotis_annua,dry,white,4
Aciotis_circaeifolia,dry,white,7.5
Aciotis_indecora,dry,white,4
Aciotis_ornata,dry,colored,2.5
Aciotis_purpurascens,dry,colored,5
Aciotis_rubricaulis,dry,white,6
Acisanthera_alsinaefolia,dry,colored,15
Acisanthera_ayangannae,dry,colored,17
Acisanthera_bivalvis,dry,colored,12
Acisanthera_hedyotidea,dry,colored,4
Acisanthera_uniflora,dry,colored,6
Acisanthera_variabilis,dry,colored,6
Adelobotrys_adscendens,dry,colored,12
Adelobotrys_barbata,dry,colored,17
Adelobotrys_ciliata,dry,colored,15
Adelobotrys_duidae,dry,colored,18
Adelobotrys_fruticosa,dry,colored,2.3
Adelobotrys_jefensis,dry,colored,9
Adelobotrys_monticola,dry,white,9
Adelobotrys_panamensis,dry,colored,13
Adelobotrys_permixta,dry,colored,13
Adelobotrys_saxosa,dry,colored,25
Adelobotrys_scandens,dry,white,12.5
Adelobotrys_spruceana,dry,colored,10
Allomorphia_balansae,dry,colored,5
Allomorphia_baviensis,dry,colored,3
Allomorphia_curtisii,dry,colored,3
Allomorphia_urophylla,dry,colored,3
Amphiblemma_monticola,dry,colored,19
Amphiblemma_mvensis,dry,colored,5
Anaectocalyx_bracteosa,fleshy,colored,14
Andesanthus_inopinatus,dry,colored,13
Andesanthus_lepidotus,dry,colored,30
Andesanthus_wurdackii,dry,colored,18
Anerincleistus_griffithii,dry,colored,3.5
Anerincleistus_pedunculatus,dry,colored,8
Appendicularia_pullei,dry,colored,9
Argyrella_richardsiae,dry,colored,13
Arthrostemma_alatum,dry,colored,4
Arthrostemma_ciliatum,dry,colored,30
Arthrostemma_parvifolium,dry,colored,16
Arthrostemma_primaevum,dry,colored,16
Astronia_rolfei,dry,colored,4
Axinaea_affinis,dry,colored,180
Axinaea_alata,dry,colored,20
Axinaea_campii,dry,colored,20
Axinaea_colombiana,dry,colored,14
Axinaea_confusa,dry,colored,12
Axinaea_costaricensis,dry,colored,15
Axinaea_crassinoda,dry,colored,12
Axinaea_dentata,dry,colored,10
Axinaea_dependens,dry,colored,10
Axinaea_disrupta,dry,colored,18
Axinaea_fallax,dry,colored,14
Axinaea_flava,dry,colored,20
Axinaea_floribunda,dry,colored,8
Axinaea_glandulosa,dry,colored,17
Axinaea_glauca,dry,colored,18
Axinaea_grandifolia,dry,colored,12
Axinaea_lanceolata,dry,colored,15
Axinaea_lehmannii,dry,colored,14
Axinaea_macrophylla,dry,colored,9
Axinaea_mertensioides,dry,colored,14
Axinaea_minutiflora,dry,colored,11
Axinaea_nitida,dry,colored,12
Axinaea_oblongifolia,dry,colored,15
Axinaea_pauciflora,dry,colored,14
Axinaea_pendula,dry,colored,11
Axinaea_pennellii,dry,colored,15
Axinaea_quitensis,dry,colored,8
Axinaea_reginae,dry,colored,12
Axinaea_ruizteranii,dry,colored,15
Axinaea_sclerophylla,dry,colored,24
Axinaea_scutigera,dry,colored,12
Axinaea_sessilifolia,dry,colored,18
Axinaea_tomentosa,dry,colored,16
Axinaea_weberbaueri,dry,colored,13
Barthea_barthei,dry,colored,22
Behuria_capixaba,dry,colored,20
Bellucia_arborescens,fleshy,colored,8
Bellucia_egensis,fleshy,white,12
Bellucia_mespiloides,fleshy,colored,15
Bellucia_ovata,fleshy,colored,10
Bellucia_spruceana,fleshy,white,15
Bellucia_subrotundifolia,fleshy,colored,13.15
Bellucia_umbellata,fleshy,colored,9
Bertolonia_alternifolia,dry,colored,18
Bertolonia_angustipetala,dry,colored,7
Bertolonia_bullata,dry,white,13.5
Bertolonia_cuspidata,dry,colored,8.5
Bertolonia_duasbocaensis,dry,white,12
Bertolonia_kollmannii,dry,colored,6
Bertolonia_linearifolia,dry,colored,7
Bertolonia_macrocalyx,dry,white,8.5
Bertolonia_organensis,dry,colored,12
Bertolonia_reginatoi,dry,colored,8.5
Bertolonia_ruschiana,dry,white,6.5
Bertolonia_vitoriana,dry,white,10
Blakea_adscendens,fleshy,colored,17
Blakea_aeruginosa,fleshy,colored,17
Blakea_albertiae,fleshy,colored,28
Blakea_amplifolia,fleshy,white,19
Blakea_andreana,fleshy,colored,40
Blakea_arboricola,fleshy,colored,5
Blakea_attenboroughii,fleshy,white,18
Blakea_austin-smithii,fleshy,colored,12
Blakea_barbata,fleshy,colored,15
Blakea_brachyura,fleshy,white,9
Blakea_brunnea,fleshy,colored,53
Blakea_bullata,fleshy,colored,18
Blakea_calophylla,fleshy,colored,20
Blakea_calycosa,fleshy,colored,25
Blakea_calycularis,fleshy,white,13
Blakea_chlorantha,fleshy,colored,8.5
Blakea_coloradensis,fleshy,white,19
Blakea_costaricensis,fleshy,colored,44
Blakea_crassifolia,fleshy,colored,7
Blakea_crinita,fleshy,colored,22
Blakea_cuatrecasii,fleshy,colored,38
Blakea_cuneata,fleshy,colored,25
Blakea_darcyana,fleshy,colored,13
Blakea_dimorphophylla,fleshy,white,6
Blakea_dodsonorum,fleshy,colored,6
Blakea_elliptica,fleshy,colored,23
Blakea_fasciculata,fleshy,colored,12
Blakea_ferruginea,fleshy,colored,13
Blakea_foliacea,fleshy,colored,35
Blakea_fragrantissima,fleshy,colored,14
Blakea_fuchsioides,fleshy,colored,23
Blakea_gerardoana,fleshy,white,12
Blakea_gracilis,fleshy,colored,25
Blakea_grandiflora,fleshy,colored,38
Blakea_gregii,fleshy,colored,14
Blakea_guatemalensis,fleshy,colored,21
Blakea_hammelii,fleshy,colored,15
Blakea_henripittieri,fleshy,colored,8.5
Blakea_herrerae,fleshy,colored,7
Blakea_hexandra,fleshy,colored,7
Blakea_intricata,fleshy,colored,23
Blakea_laevigata,fleshy,white,13
Blakea_lentii,fleshy,colored,6.5
Blakea_litoralis,fleshy,colored,30
Blakea_longibracteata,fleshy,colored,20
Blakea_maurofernandeziana,fleshy,colored,25
Blakea_mcphersonii,fleshy,white,27
Blakea_monticola,fleshy,colored,14
Blakea_multiflora,fleshy,colored,18
Blakea_nangaritzana,fleshy,white,15
Blakea_nareliana,fleshy,colored,25
Blakea_orientalis,fleshy,colored,40
Blakea_parasitica,fleshy,colored,20
Blakea_pauciflora,fleshy,colored,16
Blakea_penduliflora,fleshy,colored,20
Blakea_perforata,fleshy,white,23
Blakea_pluvialis,fleshy,colored,13
Blakea_purpusii,fleshy,colored,12
Blakea_quadriflora,fleshy,white,5.5
Blakea_repens,fleshy,colored,10
Blakea_rosea,fleshy,white,15
Blakea_scarlatina,fleshy,colored,45
Blakea_schlimii,fleshy,colored,17
Blakea_standleyi,fleshy,colored,11
Blakea_storkii,fleshy,colored,42
Blakea_suaveolens,fleshy,colored,15
Blakea_subconnata,fleshy,colored,20
Blakea_subpanduriformis,fleshy,colored,17
Blakea_tapantiana,fleshy,white,21
Blakea_tetramera,fleshy,white,9
Blakea_tuberculata,fleshy,colored,38
Blakea_unguiculata,fleshy,white,20
Blakea_venusta,fleshy,white,17
Blakea_watsonii,fleshy,colored,16
Blakea_wilburiana,fleshy,colored,18
Blakea_wilsoniorum,fleshy,colored,30
Blastus_auriculatus,dry,white,2.2
Blastus_borneensis,dry,colored,3
Blastus_brevissimus,dry,colored,4
Blastus_cochinchinensis,dry,colored,4
Blastus_pauciflorus,dry,colored,4
Blastus_tenuifolius,dry,colored,5
Blastus_tsaii,dry,colored,4.5
Boyania_ayangannae,dry,white,13
Brachyotum_alpinum,dry,colored,14
Brachyotum_barbeyanum,dry,colored,13
Brachyotum_benthamianum,dry,colored,18
Brachyotum_cernuum,dry,colored,18
Brachyotum_confertum,dry,colored,13
Brachyotum_coronatum,dry,colored,18
Brachyotum_figueroae,dry,white,12
Brachyotum_gracilescens,dry,colored,19
Brachyotum_grisebachii,dry,colored,20
Brachyotum_jamesonii,dry,colored,16
Brachyotum_ledifolium,dry,colored,17
Brachyotum_lindenii,dry,colored,16
Brachyotum_lycopodioides,dry,colored,14
Brachyotum_lymphatum,dry,colored,13.5
Brachyotum_microdon,dry,colored,23
Brachyotum_naudinii,dry,colored,23
Brachyotum_nutans,dry,colored,18
Brachyotum_quinquenerve,dry,colored,14
Brachyotum_radula,dry,colored,20
Brachyotum_rosmarinifolium,dry,colored,16
Brachyotum_rostratum,dry,colored,12
Brachyotum_sanguinolentum,dry,colored,10
Brachyotum_tyrianthinum,dry,colored,17
Brasilianthus_carajensis,dry,colored,2.9
Bredia_esquirolii,dry,colored,10
Bredia_fordii,dry,colored,14
Bredia_gracilis,dry,colored,7
Bredia_hirsuta,dry,white,11
Bredia_hispida,dry,colored,7
Bredia_longearistata,dry,white,3
Bredia_longiloba,dry,colored,10
Bredia_microphylla,dry,colored,9
Bredia_velutina,dry,colored,8
Bredia_yunnanensis,dry,colored,6
Calvoa_maculata,dry,white,5
Calycogonium_calycopteris,fleshy,colored,3.7
Calycogonium_formonense,fleshy,colored,3
Calycogonium_heterophyllum,fleshy,colored,3
Calycogonium_hispidulum,fleshy,colored,4.8
Calycogonium_reticulatum,fleshy,white,2.3
Calycogonium_tetragonolobum,fleshy,white,3
Cambessedesia_angelana,dry,colored,4.3
Cambessedesia_corymbosa,dry,colored,7
Cambessedesia_espora,dry,colored,6
Cambessedesia_hilariana,dry,colored,7
Cambessedesia_rupestris,dry,colored,6
Cambessedesia_uncinata,dry,colored,7
Cambessedesia_weddellii,dry,colored,8
Castratella_piloselloides,dry,colored,9
Catanthera_nummularia,fleshy,colored,7
Centradenia_floribunda,dry,colored,11
Centradenia_grandifolia,dry,colored,11
Centradenia_inaequilateralis,dry,white,9
Centradenia_paradoxa,dry,white,7
Centradeniastrum_album,dry,colored,11
Centradeniastrum_roseum,dry,colored,7
Centronia_insignis,dry,colored,25
Centronia_neblinae,dry,white,20
Chaetogastra_cerastifolia,dry,colored,12
Chaetogastra_ciliaris,dry,colored,12
Chaetogastra_clinopodifolia,dry,colored,5
Chaetogastra_debilis,dry,colored,12
Chaetogastra_gracilis,dry,colored,25
Chaetogastra_herbacea,dry,colored,9
Chaetogastra_hieracioides,dry,colored,25
Chaetogastra_longifolia,dry,white,9
Chaetogastra_minor,dry,colored,12
Chaetogastra_naudiniana,dry,colored,10
Chaetogastra_roseotincta,dry,colored,18
Chaetogastra_sebastianopolitana,dry,colored,10
Chaetogastra_sericea,dry,colored,18.2
Chaetolepis_anisandra,dry,colored,8
Chaetolepis_cufodontisii,dry,colored,10
Chaetolepis_lindeniana,dry,colored,5
Chaetolepis_microphylla,dry,colored,4
Chaetolepis_sessilis,dry,colored,5.5
Chaetostoma_armatum,dry,colored,12.5
Chaetostoma_hexapetalum,dry,colored,15
Chalybea_brevipedunculata,fleshy,colored,15
Charianthus_alpinus,fleshy,colored,14
Charianthus_dominicensis,fleshy,colored,7.34
Charianthus_grenadensis,fleshy,colored,14.13
Charianthus_nodosus,fleshy,colored,14.25
Charianthus_purpureus,fleshy,colored,10.88
Clidemia_acurensis,fleshy,white,7.5
Clidemia_alternifolia,fleshy,white,2
Clidemia_aphanantha,fleshy,colored,2.5
Clidemia_atrata,fleshy,colored,5
Clidemia_attenuata,fleshy,white,2.7
Clidemia_biserrata,fleshy,white,4.5
Clidemia_bullosa,fleshy,white,4
Clidemia_buntingii,fleshy,white,3.4
Clidemia_capillipes,fleshy,colored,2.4
Clidemia_capitata,fleshy,white,2.5
Clidemia_capitellata,fleshy,white,6
Clidemia_charadrophylla,fleshy,colored,1
Clidemia_ciliata,fleshy,white,4
Clidemia_clandestina,fleshy,colored,1
Clidemia_collina,fleshy,white,5
Clidemia_coloradensis,fleshy,colored,8
Clidemia_conglomerata,fleshy,white,5.5
Clidemia_costaricensis,fleshy,white,5.5
Clidemia_crenulata,fleshy,white,3
Clidemia_cruegeriana,fleshy,colored,1.2
Clidemia_cymifera,fleshy,white,9
Clidemia_davidsei,fleshy,white,4
Clidemia_debilis,fleshy,white,2.5
Clidemia_dentata,fleshy,white,6.5
Clidemia_diffusa,fleshy,colored,4
Clidemia_discolor,fleshy,colored,2
Clidemia_donnell-smithii,fleshy,colored,6
Clidemia_epibaterium,fleshy,white,3
Clidemia_epiphytica,fleshy,white,3
Clidemia_fendleri,fleshy,white,2.5
Clidemia_flexuosa,fleshy,white,3.5
Clidemia_fluminensis,fleshy,colored,6
Clidemia_folsomii,fleshy,colored,4.5
Clidemia_fulva,fleshy,white,9
Clidemia_garciabarrigae,fleshy,colored,2
Clidemia_globuliflora,fleshy,colored,7
Clidemia_gracilis,fleshy,white,2
Clidemia_grandifolia,fleshy,white,2.4
Clidemia_granvillei,fleshy,white,2.5
Clidemia_heptamera,fleshy,white,7
Clidemia_heteroneura,fleshy,colored,1.4
Clidemia_hirta,fleshy,white,11
Clidemia_inopinata,fleshy,white,7
Clidemia_involucrata,fleshy,white,3.5
Clidemia_japurensis,fleshy,colored,2.5
Clidemia_juruensis,fleshy,colored,5
Clidemia_laevifolia,fleshy,colored,8
Clidemia_lanuginosa,fleshy,colored,4
Clidemia_laxiflora,fleshy,colored,3
Clidemia_matudae,fleshy,white,7.5
Clidemia_microthyrsa,fleshy,white,2.2
Clidemia_minutiflora,fleshy,white,2
Clidemia_morichensis,fleshy,white,4.2
Clidemia_mortoniana,fleshy,colored,6.5
Clidemia_myrmecina,fleshy,colored,7
Clidemia_novemnervia,fleshy,colored,5.5
Clidemia_oblonga,fleshy,white,1.5
Clidemia_octona,fleshy,white,10
Clidemia_ostentata,fleshy,white,4.4
Clidemia_ostrina,fleshy,colored,1.7
Clidemia_pakaraimae,fleshy,white,7
Clidemia_petiolaris,fleshy,white,7
Clidemia_pterosepala,fleshy,colored,2.5
Clidemia_pubescens,fleshy,colored,4.5
Clidemia_pustulata,fleshy,white,6
Clidemia_pycnaster,fleshy,colored,4.2
Clidemia_rodriguezii,fleshy,white,2
Clidemia_rubra,fleshy,colored,3
Clidemia_saltuensis,fleshy,white,1.2
Clidemia_sandwithii,fleshy,white,2.5
Clidemia_saulensis,fleshy,white,2.5
Clidemia_scopulina,fleshy,colored,2
Clidemia_septuplinervia,fleshy,colored,2
Clidemia_sericea,fleshy,colored,2.8
Clidemia_sessiliflora,fleshy,white,2.5
Clidemia_setosa,fleshy,white,5
Clidemia_silvicola,fleshy,white,2.5
Clidemia_spectabilis,fleshy,colored,7
Clidemia_stellipilis,fleshy,white,2.3
Clidemia_steyermarkii,fleshy,white,2
Clidemia_strigillosa,fleshy,white,3.5
Clidemia_submontana,fleshy,white,10
Clidemia_taurina,fleshy,white,6
Clidemia_tenebrosa,fleshy,white,5
Clidemia_tepuiensis,fleshy,colored,3.3
Clidemia_tetrapetala,fleshy,white,6
Clidemia_tococoidea,fleshy,white,1.5
Clidemia_urceolata,fleshy,white,7
Clidemia_utleyana,fleshy,colored,2
Clidemia_vegaensis,fleshy,white,3.3
Clidemia_ventricosa,fleshy,colored,8
Comolia_smithii,dry,colored,12
Conostegia_allenii,fleshy,colored,5
Conostegia_apiculata,fleshy,white,11
Conostegia_arborea,fleshy,white,12.5
Conostegia_attenuata,fleshy,colored,9
Conostegia_balbisiana,fleshy,colored,20
Conostegia_bigibbosa,fleshy,colored,11.25
Conostegia_bracteata,fleshy,colored,7
Conostegia_brenesiana,fleshy,white,2.5
Conostegia_brenesii,fleshy,colored,6.5
Conostegia_caelestis,fleshy,white,10
Conostegia_calocoma,fleshy,white,4
Conostegia_centronioides,fleshy,white,9
Conostegia_centrosperma,fleshy,white,4.25
Conostegia_chiriquensis,fleshy,white,12
Conostegia_cinnamomea,fleshy,colored,4.25
Conostegia_colliculosa,fleshy,white,4
Conostegia_consimilis,fleshy,colored,3.5
Conostegia_cuatrecasii,fleshy,colored,12
Conostegia_dentata,fleshy,colored,13
Conostegia_dissitiflora,fleshy,white,3.5
Conostegia_dissitinervia,fleshy,white,2
Conostegia_dissitiora,fleshy,white,3.75
Conostegia_extinctoria,fleshy,white,5
Conostegia_foreroi,fleshy,white,3.4
Conostegia_fraterna,fleshy,white,4.6
Conostegia_friedmaniorum,fleshy,colored,3.5
Conostegia_galdamesiae,fleshy,white,2
Conostegia_grayumii,fleshy,white,2.75
Conostegia_hammelii,fleshy,white,4
Conostegia_henripittieri,fleshy,colored,4
Conostegia_hirtella,fleshy,colored,5
Conostegia_icosandra,fleshy,white,9
Conostegia_incurva,fleshy,white,11
Conostegia_iteophylla,fleshy,white,2.5
Conostegia_jaliscana,fleshy,white,8
Conostegia_jefensis,fleshy,colored,3.25
Conostegia_lancifolia,fleshy,white,10
Conostegia_lasiopoda,fleshy,white,8
Conostegia_lindenii,fleshy,white,5
Conostegia_macrantha,fleshy,white,16
Conostegia_micrantha,fleshy,colored,5.25
Conostegia_montana,fleshy,colored,5.25
Conostegia_monteleagreana,fleshy,white,5
Conostegia_muriculata,fleshy,white,7
Conostegia_oerstediana,fleshy,white,11
Conostegia_oligocephala,fleshy,white,4
Conostegia_ombrophila,fleshy,white,5
Conostegia_ortizae,fleshy,white,12
Conostegia_osaensis,fleshy,white,8
Conostegia_papillopetala,fleshy,colored,2
Conostegia_peltata,fleshy,colored,3
Conostegia_pendula,fleshy,colored,3.5
Conostegia_pittieri,fleshy,white,14
Conostegia_plumosa,fleshy,white,6
Conostegia_polyandra,fleshy,colored,9.5
Conostegia_procera,fleshy,colored,14
Conostegia_rhodopetala,fleshy,colored,8.3
Conostegia_rubiginosa,fleshy,white,9
Conostegia_rufescens,fleshy,colored,11
Conostegia_schlimii,fleshy,white,14
Conostegia_setifera,fleshy,white,11
Conostegia_setosa,fleshy,colored,7
Conostegia_shattuckii,fleshy,white,5
Conostegia_speciosa,fleshy,colored,7.25
Conostegia_subcrustulata,fleshy,colored,5
Conostegia_subpeltata,fleshy,white,3.5
Conostegia_superba,fleshy,colored,6.5
Conostegia_tenuifolia,fleshy,white,8.25
Conostegia_trichosantha,fleshy,colored,4.5
Conostegia_volcanalis,fleshy,white,15
Conostegia_vulcanicola,fleshy,colored,7
Conostegia_xalapensis,fleshy,colored,8
Cyphotheca_montana,dry,colored,11
Desmoscelis_villosa,dry,colored,9
Dicrananthera_hedyotidea,dry,colored,4
Dissochaeta_affinis,fleshy,colored,25
Dissochaeta_annulata,fleshy,colored,20
Dissochaeta_atrobrunnea,fleshy,colored,12
Dissochaeta_barbata,fleshy,white,7
Dissochaeta_conica,fleshy,colored,8
Dissochaeta_divaricata,fleshy,colored,10
Dissochaeta_echinulata,fleshy,white,18
Dissochaeta_fallax,fleshy,colored,15
Dissochaeta_gracilis,fleshy,colored,4
Dissochaeta_intermedia,fleshy,colored,12
Dissochaeta_reformata,fleshy,colored,25
Dissochaeta_stipularis,fleshy,white,3.5
Dissochaeta_viminalis,fleshy,colored,5
Driessenia_aequiappendiculata,dry,colored,8.3
Driessenia_axantha,dry,white,2.5
Driessenia_dispar,dry,colored,7.5
Driessenia_glanduligera,dry,colored,9
Driessenia_inaequalifolia,dry,colored,11
Driessenia_microthrix,dry,white,2
Driessenia_minutiflora,dry,colored,2
Driessenia_ohwiana,dry,colored,3.5
Driessenia_planopetiolata,dry,colored,2
Driessenia_winkleri,dry,colored,10
Ernestia_cataractae,dry,colored,15
Ernestia_maguirei,dry,colored,8.5
Ernestia_ovata,dry,colored,9
Fordiophyton_brevicaule,dry,colored,9
Fordiophyton_breviscapum,dry,colored,7.5
Fordiophyton_chenii,dry,colored,10
Fordiophyton_cordifolium,dry,colored,11
Fordiophyton_degeneratum,dry,colored,8
Fordiophyton_huizhouense,dry,colored,15
Fordiophyton_jinpingense,dry,colored,16
Fordiophyton_longipes,dry,white,8
Fordiophyton_repens,dry,colored,17
Fordiophyton_strictum,dry,colored,10
Fordiophyton_zhuangiae,dry,colored,18
Fritzschia_cordifolia,dry,colored,11
Fritzschia_furnensis,dry,colored,16
Graffenrieda_bella,dry,white,9
Graffenrieda_caryophyllea,dry,white,10
Graffenrieda_conostegioides,dry,colored,10
Graffenrieda_cucullata,dry,white,7
Graffenrieda_fantastica,dry,white,4.5
Graffenrieda_fruticosa,dry,colored,14
Graffenrieda_galeottii,dry,white,6
Graffenrieda_glandulosa,dry,white,4.5
Graffenrieda_gracilis,dry,white,3.5
Graffenrieda_hitchcockii,dry,white,7
Graffenrieda_intermedia,dry,white,5
Graffenrieda_jauana,dry,white,5.5
Graffenrieda_jefensis,dry,white,3
Graffenrieda_laevicarpa,dry,white,17
Graffenrieda_latifolia,dry,white,7
Graffenrieda_maklenkensis,dry,white,5
Graffenrieda_miconioides,dry,colored,6
Graffenrieda_micrantha,dry,white,3
Graffenrieda_moritziana,dry,colored,4
Graffenrieda_obliqua,dry,white,2.5
Graffenrieda_patens,dry,colored,4.5
Graffenrieda_pedunculata,dry,white,13
Graffenrieda_penneysii,dry,white,6.5
Graffenrieda_reticulata,dry,colored,8
Graffenrieda_rotundifolia,dry,colored,15
Graffenrieda_rupestris,dry,colored,15
Graffenrieda_santamartensis,dry,white,3
Graffenrieda_sessilifolia,dry,colored,11
Graffenrieda_tricalcarata,dry,white,5
Graffenrieda_versicolor,dry,colored,9
Graffenrieda_weddellii,dry,white,14
Gravesia_serratifolia,dry,colored,19
Henriettea_bracteosa,fleshy,white,5
Henriettea_caudata,fleshy,white,3
Henriettea_glabra,fleshy,colored,6
Henriettea_granulata,fleshy,white,5
Henriettea_heteroneura,fleshy,white,2
Henriettea_horridula,fleshy,white,5.5
Henriettea_manarae,fleshy,white,2
Henriettea_maroniensis,fleshy,white,17
Henriettea_martiusii,fleshy,white,15
Henriettea_mucronata,fleshy,colored,10
Henriettea_multiflora,fleshy,white,10
Henriettea_multigemma,fleshy,white,2
Henriettea_ovata,fleshy,white,3.2
Henriettea_patrisiana,fleshy,white,5
Henriettea_ramiflora,fleshy,colored,10
Henriettea_rimosa,fleshy,white,3
Henriettea_saldanhaei,fleshy,colored,7
Henriettea_sessilifolia,fleshy,white,8
Henriettea_sierrae,fleshy,colored,5
Henriettea_spruceana,fleshy,white,9
Henriettea_stellaris,fleshy,white,7
Henriettea_steyermarkii,fleshy,white,2.8
Henriettea_succosa,fleshy,colored,11
Henriettea_trachyphylla,fleshy,white,2
Henriettea_tuberculosa,fleshy,white,2
Heterocentron_breedlovei,dry,colored,11.5
Heterocentron_chimalapanum,dry,colored,10
Heterocentron_elegans,dry,colored,13
Heterocentron_evansii,dry,colored,10
Heterocentron_glandulosum,dry,colored,8
Heterocentron_hirtellum,dry,colored,15
Heterocentron_muricatum,dry,colored,13
Heterocentron_subtriplinervium,dry,white,12
Heterocentron_suffruticosum,dry,colored,16
Heterotis_rotundifolia,dry,colored,20
Huberia_carvalhoi,dry,white,23
Huberia_cogniauxii,dry,white,9.8
Huberia_consimilis,dry,white,25
Huberia_lumiarensis,dry,colored,12
Huberia_mestrealvarensis,dry,colored,13
Huberia_staminodia,dry,white,11
Huberia_weberbaueriana,dry,white,14
Lavoisiera_adamantium,dry,colored,15
Lavoisiera_alba,dry,colored,22
Lavoisiera_angustifolia,dry,colored,14
Lavoisiera_arachnoidea,dry,colored,25
Lavoisiera_belinelloi,dry,colored,32
Lavoisiera_bradeana,dry,colored,17
Lavoisiera_canastrensis,dry,colored,18
Lavoisiera_caryophyllea,dry,colored,25
Lavoisiera_chamaepitys,dry,colored,20
Lavoisiera_cogniauxiana,dry,colored,35
Lavoisiera_confertiflora,dry,colored,20
Lavoisiera_cordata,dry,colored,25
Lavoisiera_crassifolia,dry,colored,28
Lavoisiera_daviesiana,dry,white,20
Lavoisiera_firmula,dry,colored,25
Lavoisiera_gentianoides,dry,colored,20
Lavoisiera_glandulifera,dry,colored,30
Lavoisiera_grandiflora,dry,colored,30
Lavoisiera_harleyi,dry,colored,40
Lavoisiera_humilis,dry,colored,12
Lavoisiera_imbricata,dry,colored,27
Lavoisiera_itambana,dry,colored,25
Lavoisiera_macrocarpa,dry,colored,45
Lavoisiera_mello-barretoi,dry,colored,25
Lavoisiera_minima,dry,colored,10
Lavoisiera_mucorifera,dry,colored,18
Lavoisiera_nervulosa,dry,colored,23
Lavoisiera_pohliana,dry,colored,25
Lavoisiera_pulchella,dry,colored,18
Lavoisiera_pulcherrima,dry,colored,30
Lavoisiera_punctata,dry,colored,30
Lavoisiera_quinquenervis,dry,colored,25
Lavoisiera_rigida,dry,colored,22
Lavoisiera_rundeliana,dry,colored,22
Lavoisiera_sampaioana,dry,colored,25
Lavoisiera_scaberula,dry,colored,15
Lavoisiera_senae,dry,colored,20
Lavoisiera_setosa,dry,colored,20
Lavoisiera_subulata,dry,colored,14
Lavoisiera_tetragona,dry,colored,20
Lavoisiera_vestita,dry,colored,25
Leandra_agrestis,fleshy,white,3
Leandra_altomacaensis,fleshy,white,2.7
Leandra_angustifolia,fleshy,white,7.1
Leandra_aristigera,fleshy,white,2.4
Leandra_aspera,fleshy,white,4.2
Leandra_capilliflora,fleshy,white,2.6
Leandra_capitata,fleshy,white,5.2
Leandra_clidemioides,fleshy,white,2
Leandra_cogniauxiana,fleshy,colored,5.2
Leandra_cristata,fleshy,white,1.9
Leandra_cuneata,fleshy,white,2.2
Leandra_dichotoma,fleshy,colored,2.5
Leandra_divaricata,fleshy,white,2.5
Leandra_edentula,fleshy,white,1.2
Leandra_fontanae,fleshy,white,5
Leandra_francavillana,fleshy,white,3
Leandra_glazioviana,fleshy,white,9
Leandra_granatensis,fleshy,colored,2.5
Leandra_grandifolia,fleshy,white,2.5
Leandra_gynoverrucosa,fleshy,white,7
Leandra_hermogenesii,fleshy,white,1.7
Leandra_heteroporata,fleshy,white,5
Leandra_hirta,fleshy,white,4.2
Leandra_lapae,fleshy,white,4
Leandra_lasiopetala,fleshy,colored,3.5
Leandra_lindeniana,fleshy,white,5
Leandra_loligomorpha,fleshy,white,4
Leandra_longicoma,fleshy,white,2
Leandra_longisepala,fleshy,colored,3.8
Leandra_magnipetala,fleshy,white,6.5
Leandra_maguirei,fleshy,white,2.5
Leandra_melanodesma,fleshy,white,2.5
Leandra_melastomoides,fleshy,white,6.5
Leandra_mexicana,fleshy,colored,2.5
Leandra_micrantha,fleshy,white,0.6
Leandra_moldy,fleshy,white,2
Leandra_multiplinervis,fleshy,colored,5.7
Leandra_neblinensis,fleshy,colored,4
Leandra_paleacea,fleshy,white,1.5
Leandra_polyadena,fleshy,colored,0.5
Leandra_procumbens,fleshy,colored,3.5
Leandra_reptans,fleshy,white,2
Leandra_rufescens,fleshy,white,1.3
Leandra_sanguinea,fleshy,white,3
Leandra_santos-limae,fleshy,white,5
Leandra_sericea,fleshy,white,4.8
Leandra_solenifera,fleshy,colored,2.8
Leandra_subseriata,fleshy,white,2
Leandra_subulata,fleshy,colored,5.5
Leandra_therezopolitana,fleshy,white,4
Leandra_ulaei,fleshy,white,5.8
Leandra_umbellata,fleshy,white,9
Leiostegia_vernicosa,dry,colored,7
Macairea_axilliflora,dry,colored,5.3
Macairea_cardonae,dry,colored,14.5
Macairea_chimantensis,dry,white,10
Macairea_lanata,dry,colored,12
Macairea_lasiophylla,dry,colored,8
Macairea_linearis,dry,colored,10.5
Macairea_maroana,dry,white,13
Macairea_multinervia,dry,colored,14
Macairea_neblinae,dry,colored,11
Macairea_pachyphylla,dry,colored,8.5
Macairea_parvifolia,dry,colored,10
Macairea_radula,dry,colored,8.5
Macairea_rufescens,dry,colored,13
Macairea_stylosa,dry,colored,14
Macairea_thyrsiflora,dry,white,11
Macrocentrum_angustifolium,dry,colored,8.5
Macrocentrum_anychioides,dry,colored,14
Macrocentrum_brevipedicellatum,dry,white,5
Macrocentrum_cristatum,dry,white,10
Macrocentrum_droseroides,dry,white,5.5
Macrocentrum_maguirei,dry,white,5.5
Macrocentrum_minus,dry,colored,7
Macrocentrum_neblinae,dry,white,7
Macrocentrum_rubescens,dry,colored,11
Maguireanthus_ayangannae,dry,white,5.8
Marcetia_candolleana,dry,colored,6.5
Marcetia_eimeariana,dry,colored,3
Marcetia_oxycoccoides,dry,colored,38
Marcetia_semiriana,dry,colored,8
Marcetia_shepherdii,dry,colored,6.5
Marcetia_taxifolia,dry,colored,7
Mecranium_acuminatum,fleshy,white,3.1
Mecranium_alpestre,fleshy,white,1.3
Mecranium_amygdalinum,fleshy,white,3.8
Mecranium_axillare,fleshy,white,2
Mecranium_birimosum,fleshy,white,2.5
Mecranium_haemanthum,fleshy,colored,3.3
Mecranium_haitiense,fleshy,colored,3.9
Mecranium_integrifolium,fleshy,white,2.2
Mecranium_latifolium,fleshy,white,3.4
Mecranium_microdictyum,fleshy,white,1.6
Mecranium_multiflorum,fleshy,white,1.8
Mecranium_ovatum,fleshy,white,1.6
Mecranium_puberulum,fleshy,white,1.8
Mecranium_purpurascens,fleshy,colored,4.2
Mecranium_racemosum,fleshy,white,2
Mecranium_revolutum,fleshy,white,1.4
Mecranium_septentrionale,fleshy,white,1.4
Mecranium_tricostatum,fleshy,white,2.4
Mecranium_tuberculatum,fleshy,colored,3.1
Mecranium_virgatum,fleshy,white,5.2
Medinilla_alpestris,fleshy,white,9
Medinilla_arboricola,fleshy,colored,20
Medinilla_curtisii,fleshy,colored,12
Medinilla_fengii,fleshy,colored,7.5
Medinilla_hayatana,fleshy,colored,9
Medinilla_merrittii,fleshy,colored,12
Medinilla_nana,fleshy,colored,11
Medinilla_petelotii,fleshy,colored,9
Medinilla_radicans,fleshy,colored,10
Medinilla_rubicunda,fleshy,colored,15
Melastoma_cyanoides,fleshy,colored,10
Melastoma_dodecandrum,fleshy,colored,20
Melastoma_imbricatum,fleshy,colored,35
Melastoma_intermedium,fleshy,colored,14
Melastoma_malabathricum,fleshy,colored,35
Melastoma_minahassae,fleshy,colored,42
Melastoma_orientale,fleshy,colored,8
Melastoma_pellegrinianum,fleshy,colored,14
Melastoma_saigonense,fleshy,colored,20
Melastoma_sanguineum,fleshy,colored,50
Memecylon_caeruleum,fleshy,colored,2
Memecylon_celastrinum,fleshy,colored,2.5
Memecylon_hainanense,fleshy,white,3.5
Memecylon_kurichiarensis,fleshy,colored,2
Memecylon_ligustrifolium,fleshy,colored,3
Memecylon_mayottense,fleshy,white,3
Memecylon_nigrescens,fleshy,white,2
Memecylon_octocostatum,fleshy,colored,3
Memecylon_perditum,fleshy,colored,3.5
Memecylon_polyanthum,fleshy,colored,2
Memecylon_ponmudianum,fleshy,colored,2
Memecylon_scutellatum,fleshy,colored,2.5
Memecylon_sejunctum,fleshy,colored,4
Memecylon_xiphophyllum,fleshy,colored,2.5
Meriania_barbosae,dry,colored,32
Meriania_brachycera,dry,colored,35
Meriania_brevipedunculata,dry,colored,22
Meriania_crassiramis,dry,colored,25
Meriania_fantastica,dry,colored,85
Meriania_franciscana,dry,colored,10
Meriania_grandiflora,dry,colored,27
Meriania_largest,dry,colored,40
Meriania_longifolia,dry,colored,40
Meriania_macrophylla,dry,colored,18
Meriania_maxima,dry,colored,40
Meriania_microflora,dry,white,4.5
Meriania_ninakurorum,dry,colored,50
Meriania_odorata,dry,colored,25
Meriania_panamensis,dry,colored,39
Meriania_parvifolia,dry,colored,11
Meriania_phlomoides,dry,colored,16
Meriania_sclerophylla,dry,colored,18
Meriania_selvaflorensis,dry,colored,45
Meriania_steyermarkii,dry,colored,22
Meriania_subumbellata,dry,colored,12
Meriania_tetragona,dry,colored,10
Meriania_urceolata,dry,colored,17
Merianthera_bullata,dry,colored,25
Merianthera_burlemarxii,dry,colored,30
Merianthera_eburnea,dry,colored,23.5
Merianthera_parvifolia,dry,colored,34
Merianthera_pulchra,dry,colored,18.7
Merianthera_sipolisii,dry,colored,28
Merianthera_verrucosa,dry,colored,15.8
Micollia_carvalloana,fleshy,colored,6
Miconia_abbreviata,fleshy,white,2.5
Miconia_acinodendron,fleshy,white,3
Miconia_acuminata,fleshy,white,4.8
Miconia_acutifolia,fleshy,white,7
Miconia_adenocalyx,fleshy,white,3.5
Miconia_affinis,fleshy,white,3
Miconia_alata,fleshy,white,2.5
Miconia_albertii,fleshy,colored,3.9
Miconia_albicans,fleshy,white,3
Miconia_albiviridis,fleshy,colored,7
Miconia_alborufescens,fleshy,white,2.8
Miconia_aliquantula,fleshy,white,3
Miconia_alpestris,fleshy,white,2
Miconia_alternans,fleshy,white,3
Miconia_alternifolia,fleshy,white,4.1
Miconia_amacurensis,fleshy,white,6.5
Miconia_amilcariana,fleshy,white,1.1
Miconia_ampla,fleshy,colored,8
Miconia_amplinodis,fleshy,colored,2
Miconia_andreana,fleshy,colored,2
Miconia_angustidentata,fleshy,white,4
Miconia_angustiflora,fleshy,white,11
Miconia_apiculata,fleshy,white,3.15
Miconia_aplostachya,fleshy,white,2.5
Miconia_aponeura,fleshy,colored,7
Miconia_approximata,fleshy,colored,2.5
Miconia_araguensis,fleshy,colored,15.3
Miconia_arboricola,fleshy,white,3
Miconia_argentea,fleshy,white,3
Miconia_argyrophylla,fleshy,white,2.5
Miconia_astrocalyx,fleshy,white,4
Miconia_atlantica,fleshy,white,2.5
Miconia_barkeri,fleshy,colored,6.7
Miconia_basilensis,fleshy,white,3
Miconia_becqueri,fleshy,colored,7.5
Miconia_benthamiana,fleshy,colored,9
Miconia_bernardii,fleshy,white,2
Miconia_biglomerata,fleshy,white,2
Miconia_bilopezii,fleshy,white,2.1
Miconia_biolleyana,fleshy,colored,1.5
Miconia_biperulifera,fleshy,white,2
Miconia_borjensis,fleshy,white,6.5
Miconia_brachybotrya,fleshy,colored,3
Miconia_bracteata,fleshy,white,6
Miconia_bradeana,fleshy,white,6.3
Miconia_breteleri,fleshy,white,11.5
Miconia_brevipes,fleshy,white,2
Miconia_brevitheca,fleshy,colored,1.3
Miconia_bubalina,fleshy,white,5.1
Miconia_bump,fleshy,white,1
Miconia_buxifolia,fleshy,white,1.8
Miconia_cacatin,fleshy,colored,6
Miconia_cacumina,fleshy,colored,3
Miconia_caiuia,fleshy,white,2.5
Miconia_calycina,fleshy,colored,5.4
Miconia_campanensis,fleshy,white,3.5
Miconia_campestris,fleshy,white,4
Miconia_canoi,fleshy,white,4
Miconia_carassana,fleshy,white,3
Miconia_cardenasiae,fleshy,colored,5
Miconia_carnea,fleshy,colored,2.5
Miconia_cataractae,fleshy,white,1.9
Miconia_cautis,fleshy,white,0.7
Miconia_celaquensis,fleshy,colored,5
Miconia_centrodesma,fleshy,white,1.8
Miconia_centronioides,fleshy,colored,20
Miconia_ceramicarpa,fleshy,white,3.5
Miconia_charleswrightii,fleshy,colored,4.2
Miconia_chemillensis,fleshy,white,2
Miconia_chionophila,fleshy,white,3
Miconia_chiriquiensis,fleshy,colored,1.5
Miconia_chlorocarpa,fleshy,white,1.5
Miconia_chrysophylla,fleshy,white,2
Miconia_ciliata,fleshy,colored,2.5
Miconia_cionotricha,fleshy,white,5
Miconia_cladonia,fleshy,white,2.5
Miconia_clementeana,fleshy,white,5.5
Miconia_cocoensis,fleshy,colored,2
Miconia_coloradensis,fleshy,colored,5.5
Miconia_commutata,fleshy,colored,3.3
Miconia_complanata,fleshy,colored,1
Miconia_concinna,fleshy,colored,2.5
Miconia_confertiflora,fleshy,colored,1.5
Miconia_coniophora,fleshy,white,3
Miconia_coriacea,fleshy,white,2.5
Miconia_correae,fleshy,white,10
Miconia_costaricensis,fleshy,colored,2
Miconia_cremadena,fleshy,white,3
Miconia_crocata,fleshy,colored,1.5
Miconia_cubensis,fleshy,colored,5.7
Miconia_curta,fleshy,white,3
Miconia_cuspidatissima,fleshy,white,2.5
Miconia_danielii,fleshy,white,3
Miconia_decurrens,fleshy,white,4
Miconia_diaphanea,fleshy,white,2
Miconia_diegogomezii,fleshy,colored,1
Miconia_dielsiana,fleshy,colored,5
Miconia_dioica,fleshy,colored,0.75
Miconia_dispar,fleshy,white,3
Miconia_dissita,fleshy,white,1.5
Miconia_dodecandra,fleshy,white,8.5
Miconia_dolichopoda,fleshy,white,2.8
Miconia_dolichorrhyncha,fleshy,white,1.25
Miconia_domingensis,fleshy,white,2.1
Miconia_donaeana,fleshy,white,6
Miconia_dorsiloba,fleshy,white,3
Miconia_egensis,fleshy,white,2.5
Miconia_elaeoides,fleshy,white,2.2
Miconia_emendata,fleshy,white,2
Miconia_eriodonta,fleshy,white,4
Miconia_eugenioides,fleshy,white,3.2
Miconia_evanescens,fleshy,white,2
Miconia_favosa,fleshy,white,9
Miconia_ferruginea,fleshy,colored,4.4
Miconia_floribunda,fleshy,white,6
Miconia_forzzae,fleshy,colored,2.9
Miconia_foveolata,fleshy,colored,11
Miconia_fragilis,fleshy,white,2
Miconia_fragrans,fleshy,white,2.5
Miconia_friedmaniorum,fleshy,colored,3
Miconia_fuertesii,fleshy,white,2.5
Miconia_fulvostellata,fleshy,white,3
Miconia_funckii,fleshy,colored,19
Miconia_galeiformis,fleshy,colored,2.2
Miconia_gentryi,fleshy,colored,13.5
Miconia_gibba,fleshy,white,1
Miconia_glaberrima,fleshy,white,1.5
Miconia_glabrata,fleshy,colored,2
Miconia_globulifera,fleshy,white,3.5
Miconia_globuliflora,fleshy,colored,1.5
Miconia_goldenbergiana,fleshy,white,2.5
Miconia_goniostigma,fleshy,colored,4
Miconia_grandidentata,fleshy,white,2
Miconia_gratissima,fleshy,colored,6
Miconia_hemenostigma,fleshy,white,1.5
Miconia_hildeana,fleshy,white,1.5
Miconia_holosericea,fleshy,colored,8
Miconia_hottensis,fleshy,white,1.5
Miconia_howardiana,fleshy,colored,6.2
Miconia_humifusa,fleshy,white,3
Miconia_hypioides,fleshy,white,5
Miconia_hypoleuca,fleshy,white,2.3
Miconia_ibaguensis,fleshy,white,3
Miconia_iluensis,fleshy,colored,9
Miconia_impressa,fleshy,white,6
Miconia_inaequalifolia,fleshy,white,2.3
Miconia_indicoviolacea,fleshy,white,4.5
Miconia_insularis,fleshy,white,3
Miconia_intricata,fleshy,colored,8
Miconia_jimenezi,fleshy,colored,5.6
Miconia_jitotolana,fleshy,white,4.5
Miconia_kappellei,fleshy,white,2
Miconia_karsticola,fleshy,white,10
Miconia_kavanayensis,fleshy,white,1.7
Miconia_kollmannii,fleshy,white,1.3
Miconia_krugii,fleshy,colored,3.2
Miconia_lacera,fleshy,colored,4
Miconia_laevigata,fleshy,white,3
Miconia_laevipilis,fleshy,white,8.5
Miconia_lanceolata,fleshy,white,3.2
Miconia_lappacea,fleshy,white,5.1
Miconia_larensis,fleshy,white,6.5
Miconia_lasseri,fleshy,white,3.5
Miconia_lateriflora,fleshy,white,2.5
Miconia_latifolia,fleshy,white,2.5
Miconia_lepidota,fleshy,white,2
Miconia_leptantha,fleshy,white,1.7
Miconia_livida,fleshy,white,2.5
Miconia_lonchophylla,fleshy,white,5.5
Miconia_longibracteata,fleshy,colored,2.5
Miconia_longidentata,fleshy,white,5.1
Miconia_longifolia,fleshy,white,1.5
Miconia_longispicata,fleshy,white,2.5
Miconia_loreyoides,fleshy,colored,3.5
Miconia_lourteigiana,fleshy,white,2
Miconia_lucenae,fleshy,white,2.2
Miconia_luteola,fleshy,white,2.4
Miconia_macayana,fleshy,white,2.6
Miconia_macrothyrsa,fleshy,white,3
Miconia_macrotis,fleshy,white,7
Miconia_macuxi,fleshy,white,4.1
Miconia_maestrensis,fleshy,white,7
Miconia_magdalenae,fleshy,white,2
Miconia_maguirei,fleshy,white,4
Miconia_mansfeldiana,fleshy,white,4.8
Miconia_marginata,fleshy,white,1
Miconia_mariae,fleshy,white,3
Miconia_matthaei,fleshy,white,3
Miconia_mcphersonii,fleshy,white,2
Miconia_melanotricha,fleshy,colored,7
Miconia_melinonis,fleshy,white,9
Miconia_meridensis,fleshy,white,13
Miconia_mesmeana,fleshy,white,2
Miconia_metallica,fleshy,white,8
Miconia_mexicana,fleshy,white,7
Miconia_mimica,fleshy,colored,0.8
Miconia_minuta,fleshy,white,0.8
Miconia_minutiflora,fleshy,white,2
Miconia_mirabilis,fleshy,white,10
Miconia_mocquerysii,fleshy,white,4.2
Miconia_moorei,fleshy,white,3
Miconia_mulleola,fleshy,colored,2
Miconia_multiglandulosa,fleshy,white,5.3
Miconia_myriantha,fleshy,white,22.3
Miconia_myrtillifolia,fleshy,white,3
Miconia_navifolia,fleshy,white,2
Miconia_neei,fleshy,colored,1.6
Miconia_nervosa,fleshy,white,5
Miconia_nitidissima,fleshy,white,7
Miconia_nordestina,fleshy,white,4.5
Miconia_novemnervia,fleshy,white,7
Miconia_odoratissima,fleshy,white,1.7
Miconia_oraria,fleshy,white,2
Miconia_ossaeifolia,fleshy,white,1.5
Miconia_paupercula,fleshy,white,6
Miconia_perobscura,fleshy,white,5.2
Miconia_perturbata,fleshy,white,1.8
Miconia_phaeophylla,fleshy,white,3.3
Miconia_picinguabensis,fleshy,white,2.1
Miconia_pittieri,fleshy,white,2
Miconia_platypoda,fleshy,white,0.7
Miconia_plukenetii,fleshy,colored,7.9
Miconia_poeppigii,fleshy,white,3
Miconia_polita,fleshy,white,3.4
Miconia_porphyrotricha,fleshy,white,4
Miconia_portogallensis,fleshy,white,1.7
Miconia_pozuzoana,fleshy,white,7
Miconia_prasina,fleshy,white,3
Miconia_procumbens,fleshy,white,1.5
Miconia_pseudocapsularis,fleshy,white,2
Miconia_pseudorigida,fleshy,white,5.7
Miconia_pterocaulon,fleshy,white,2.8
Miconia_pteroclada,fleshy,white,5
Miconia_pubipetala,fleshy,white,7.5
Miconia_pujana,fleshy,colored,1
Miconia_pulvinata,fleshy,colored,2.9
Miconia_punctata,fleshy,white,2.8
Miconia_pycnoneura,fleshy,colored,3.3
Miconia_pyramidalis,fleshy,white,4.3
Miconia_pyrifolia,fleshy,white,2.6
Miconia_quadrangularis,fleshy,white,3
Miconia_quadridomius,fleshy,white,3.5
Miconia_radulaefolia,fleshy,white,34
Miconia_ravenii,fleshy,colored,5
Miconia_regelii,fleshy,white,1.5
Miconia_reitziana,fleshy,white,1.5
Miconia_removed,fleshy,white,12
Miconia_renatogoldenbergii,fleshy,white,2
Miconia_resimoides,fleshy,white,2
Miconia_rhytidophylla,fleshy,white,2.5
Miconia_ricardoi,fleshy,white,2.75
Miconia_rigida,fleshy,colored,6.7
Miconia_rigidissima,fleshy,white,3.3
Miconia_roraimensis,fleshy,white,2
Miconia_rubiginosa,fleshy,white,3
Miconia_rufa,fleshy,white,5.5
Miconia_rufescens,fleshy,white,5
Miconia_ruficalyx,fleshy,white,4.5
Miconia_rugosa,fleshy,white,5
Miconia_rupestris,fleshy,white,2
Miconia_rupticalyx,fleshy,white,2.3
Miconia_rzedowskii,fleshy,white,1.8
Miconia_salicifolia,fleshy,white,1.8
Miconia_samanensis,fleshy,colored,2.9
Miconia_sanctiphilippi,fleshy,white,8
Miconia_santanana,fleshy,colored,34.5
Miconia_santaritensis,fleshy,colored,2
Miconia_sarmentosa,fleshy,white,3.3
Miconia_sastrei,fleshy,colored,2.9
Miconia_scabra,fleshy,white,2
Miconia_schlechtendalii,fleshy,white,2.5
Miconia_schnellii,fleshy,white,2
Miconia_selleana,fleshy,white,6.2
Miconia_septentrionalis,fleshy,white,5
Miconia_serialis,fleshy,white,3.3
Miconia_serrulata,fleshy,white,9
Miconia_shepherdii,fleshy,white,1.9
Miconia_silicicola,fleshy,white,4.5
Miconia_sintenisii,fleshy,colored,8.2
Miconia_skeaniana,fleshy,colored,4.2
Miconia_smaragdina,fleshy,white,4.3
Miconia_sparrei,fleshy,white,4
Miconia_spinulosa,fleshy,white,3.1
Miconia_splendens,fleshy,white,3.7
Miconia_squamulosa,fleshy,white,3
Miconia_stenobotrys,fleshy,colored,2.8
Miconia_stenostachya,fleshy,white,4
Miconia_sterilis,fleshy,white,1.5
Miconia_stevensiana,fleshy,white,3
Miconia_steyermarkii,fleshy,white,3.5
Miconia_strigosa,fleshy,white,10
Miconia_subalpina,fleshy,white,8
Miconia_subcompressa,fleshy,white,6.3
Miconia_suberosa,fleshy,white,2.5
Miconia_suborbicularis,fleshy,white,4
Miconia_superba,fleshy,colored,11
Miconia_sylvatica,fleshy,white,3
Miconia_tabayensis,fleshy,white,1
Miconia_tacanensis,fleshy,white,2.5
Miconia_tachirensis,fleshy,white,2.2
Miconia_talamancensis,fleshy,white,2
Miconia_tamana,fleshy,white,1.3
Miconia_tenensis,fleshy,colored,1
Miconia_teotepecensis,fleshy,white,3.1
Miconia_tetraspermoides,fleshy,white,2.2
Miconia_theizans,fleshy,white,1.3
Miconia_tillettii,fleshy,white,2
Miconia_tinifolia,fleshy,white,2.3
Miconia_tixixensis,fleshy,white,6
Miconia_tomentosa,fleshy,colored,8
Miconia_tovarensis,fleshy,white,2
Miconia_trimera,fleshy,white,2
Miconia_trinervia,fleshy,white,3.1
Miconia_triplinervis,fleshy,white,3
Miconia_trujillensis,fleshy,white,4
Miconia_truncata,fleshy,colored,8
Miconia_tschudyoides,fleshy,white,2.9
Miconia_tuckeri,fleshy,white,2
Miconia_tuerckheimii,fleshy,colored,4.5
Miconia_ulmarioides,fleshy,white,28
Miconia_umbriensis,fleshy,white,2
Miconia_urticoides,fleshy,white,1.5
Miconia_valerioana,fleshy,white,3.5
Miconia_vallartensis,fleshy,colored,13
Miconia_versicolor,fleshy,white,8
Miconia_vestita,fleshy,white,2.5
Miconia_virescens,fleshy,white,2.5
Miconia_viscidula,fleshy,white,3.1
Miconia_walterjuddii,fleshy,colored,1.8
Miconia_wittii,fleshy,white,3.3
Miconia_xenotricha,fleshy,colored,3.5
Miconia_yatuensis,fleshy,white,1.6
Miconia_yeseniae,fleshy,colored,18
Miconia_zanonii,fleshy,white,2.8
Miconia_zemurrayana,fleshy,colored,14
Microlicia_candolleana,dry,colored,12.5
Microlicia_cardiophora,dry,colored,7
Microlicia_colombiana,dry,colored,8.5
Microlicia_contasensis,dry,colored,12
Microlicia_doryphylla,dry,colored,9
Microlicia_fasciculata,dry,colored,9
Microlicia_flavovirens,dry,colored,12
Microlicia_hirticalyx,dry,colored,7
Microlicia_isophylla,dry,colored,10
Microlicia_myrtoidea,dry,colored,6.5
Microlicia_nortecipoana,dry,colored,6.6
Microlicia_obovatifolia,dry,colored,9.1
Microlicia_petiolulata,dry,colored,10
Microlicia_polystemma,dry,colored,12
Microlicia_sciophylla,dry,colored,11.5
Microlicia_stenodonoides,dry,colored,36
Microlicia_wurdackiana,dry,colored,7
Monochaetum_alpestre,dry,colored,20
Monochaetum_amabile,dry,colored,20
Monochaetum_amistadense,dry,colored,12
Monochaetum_bonplandii,dry,colored,14
Monochaetum_brachyurum,dry,colored,12
Monochaetum_carbonoi,dry,colored,11
Monochaetum_ciliatum,dry,colored,8
Monochaetum_cinereum,dry,colored,6.5
Monochaetum_compactum,dry,colored,19
Monochaetum_cordatum,dry,colored,19
Monochaetum_ecaudatum,dry,colored,21
Monochaetum_exaltatum,dry,colored,25
Monochaetum_expansum,dry,colored,11
Monochaetum_glanduliferum,dry,colored,9
Monochaetum_hartwegianum,dry,colored,12
Monochaetum_humboldtianum,dry,colored,30
Monochaetum_laxifolium,dry,colored,11.5
Monochaetum_lindeneanum,dry,colored,13
Monochaetum_linearifolium,dry,colored,14
Monochaetum_lineatum,dry,colored,11
Monochaetum_longicaudatum,dry,colored,6
Monochaetum_macrantherum,dry,colored,18
Monochaetum_magdalenense,dry,colored,15.5
Monochaetum_meridense,dry,colored,14
Monochaetum_multiflorum,dry,colored,9
Monochaetum_myrtoideum,dry,colored,12
Monochaetum_neglectum,dry,colored,14
Monochaetum_perijense,dry,colored,15
Monochaetum_perijensis,dry,colored,13
Monochaetum_polyneurum,dry,colored,18
Monochaetum_pulchrum,dry,white,9
Monochaetum_rotundifolium,dry,colored,9
Monochaetum_rubescens,dry,colored,25
Monochaetum_stellulatum,dry,colored,8
Monochaetum_strigosum,dry,colored,7.5
Monochaetum_tachirense,dry,colored,15
Monochaetum_talamancense,dry,colored,19
Monochaetum_tenellum,dry,colored,17
Monochaetum_tonaense,dry,colored,13.4
Monochaetum_trichophyllum,dry,colored,17
Monochaetum_uberrimum,dry,colored,10.3
Monochaetum_uribei,dry,colored,12
Monochaetum_vulcanicum,dry,colored,22
Monolena_dressleri,dry,white,10.5
Monolena_glabra,dry,colored,33
Monolena_grandiloba,dry,colored,20
Monolena_guatemalensis,dry,colored,24
Monolena_multiflora,dry,colored,20
Monolena_ovata,dry,colored,20
Monolena_panamensis,dry,colored,24
Monolena_primuliflora,dry,colored,24
Monolena_trichopoda,dry,colored,18
Mouriri_acutiflora,fleshy,colored,9
Mouriri_angulicosta,fleshy,white,4
Mouriri_angustifolia,fleshy,colored,3.7
Mouriri_apiranga,fleshy,colored,6.5
Mouriri_bahiensis,fleshy,colored,7
Mouriri_barinensis,fleshy,colored,5.3
Mouriri_brachyanthera,fleshy,colored,12
Mouriri_brevipes,fleshy,colored,62.2
Mouriri_cauliflora,fleshy,colored,6
Mouriri_cearensis,fleshy,colored,4
Mouriri_chamissoana,fleshy,white,6
Mouriri_collocarpa,fleshy,colored,9.3
Mouriri_completens,fleshy,colored,11
Mouriri_crassifolia,fleshy,colored,14.5
Mouriri_crassisepala,fleshy,colored,6
Mouriri_cyphocarpa,fleshy,white,10
Mouriri_densifoliata,fleshy,colored,14
Mouriri_dimorphandra,fleshy,colored,12.3
Mouriri_domingensis,fleshy,colored,5
Mouriri_doriana,fleshy,colored,4.6
Mouriri_duckeana,fleshy,colored,7
Mouriri_duckeanoides,fleshy,colored,5.8
Mouriri_dumetosa,fleshy,colored,11
Mouriri_elliptica,fleshy,colored,4.1
Mouriri_emarginata,fleshy,colored,6.5
Mouriri_eugeniifolia,fleshy,colored,3.9
Mouriri_exilis,fleshy,colored,7.8
Mouriri_ficoides,fleshy,colored,15
Mouriri_floribunda,fleshy,colored,6.5
Mouriri_francavillana,fleshy,colored,15
Mouriri_gardneri,fleshy,white,6.2
Mouriri_glazioviana,fleshy,colored,10
Mouriri_gleasoniana,fleshy,colored,6.3
Mouriri_gonavensis,fleshy,colored,7
Mouriri_grandiflora,fleshy,colored,11
Mouriri_guianensis,fleshy,colored,7
Mouriri_helleri,fleshy,colored,6.7
Mouriri_huberi,fleshy,colored,3.7
Mouriri_lunatanthera,fleshy,colored,12
Mouriri_micradenia,fleshy,white,8.5
Mouriri_micranthera,fleshy,colored,3
Mouriri_monopora,fleshy,white,3.8
Mouriri_muelleri,fleshy,white,6.8
Mouriri_myrtifolia,fleshy,colored,5.5
Mouriri_myrtilloides,fleshy,colored,7
Mouriri_nervosa,fleshy,colored,6.5
Mouriri_nigra,fleshy,colored,5
Mouriri_obtusiloba,fleshy,colored,5
Mouriri_oligantha,fleshy,colored,12
Mouriri_osaensis,fleshy,colored,9.5
Mouriri_panamensis,fleshy,white,3
Mouriri_pauciflora,fleshy,colored,12
Mouriri_pseudo-getninata,fleshy,colored,10
Mouriri_pusa,fleshy,colored,12
Mouriri_regeliana,fleshy,colored,4.5
Mouriri_rhizophoraefolia,fleshy,white,15
Mouriri_rhizophorifolia,fleshy,white,15
Mouriri_sagotiana,fleshy,colored,5
Mouriri_sideroxylon,fleshy,colored,8
Mouriri_spathulata,fleshy,colored,8
Mouriri_spruceana,fleshy,white,6
Mouriri_steyermarkii,fleshy,colored,10.5
Mouriri_subumbellata,fleshy,white,9
Mouriri_torquata,fleshy,colored,5.6
Mouriri_trunciflora,fleshy,colored,20
Mouriri_tuberculata,fleshy,colored,8
Mouriri_uncitheca,fleshy,white,13
Mouriri_valenzuelana,fleshy,colored,5.1
Mouriri_vernicosa,fleshy,colored,6.5
Noterophila_bivalvis,dry,colored,12
Noterophila_crassipes,dry,white,4
Noterophila_limnobios,dry,white,4
Noterophila_nana,dry,colored,3.6
Ochthocharis_bornensis,dry,colored,7
Ochthocharis_dicellandroides,dry,colored,10
Ochthocharis_javanica,dry,colored,28
Ochthocharis_paniculata,dry,colored,5
Opisthocentra_clidemioides,dry,white,9
Osbeckia_aspericaulis,dry,colored,22
Osbeckia_capitata,dry,colored,15
Osbeckia_chinensis,dry,colored,17
Osbeckia_cochinchinensis,dry,colored,6
Osbeckia_nayarii,dry,colored,20
Osbeckia_nepalensis,dry,colored,25
Osbeckia_setoso-annulata,dry,colored,11
Osbeckia_stellata,dry,colored,28
Osbeckia_thorelii,dry,colored,25
Osbeckia_walkeri,dry,colored,22
Ossaea_araneifera,fleshy,white,2
Ossaea_cabraliensis,fleshy,white,3.8
Ossaea_congestiflora,fleshy,colored,4.4
Ossaea_parvifolia,fleshy,colored,3.6
Ossaea_suprabasalis,fleshy,white,2.5
Oxyspora_bullata,dry,colored,2
Oxyspora_cernua,dry,colored,12
Oxyspora_curtisii,dry,colored,3.5
Oxyspora_exigua,dry,colored,1.5
Oxyspora_howellii,dry,colored,5
Oxyspora_paniculata,dry,colored,7
Oxyspora_stellulata,dry,colored,9
Oxyspora_teretipetiolata,dry,colored,5
Oxyspora_umbellulata,dry,colored,9
Oxyspora_vagans,dry,colored,6
Oxyspora_yunnanensis,dry,colored,10
Pachyanthus_cubensis,fleshy,colored,16
Pachyanthus_wrightii,fleshy,colored,17
Pachycentria_constricta,fleshy,colored,7
Pachycentria_pulverulenta,fleshy,colored,5
Pachycentria_varingiifolia,fleshy,colored,18
Phainantha_laxiflora,dry,colored,6.5
Phainantha_maguirei,dry,white,15
Phainantha_myrteoloides,dry,white,7
Phainantha_shuariorum,dry,white,9
Phyllagathis_asarifolia,dry,colored,7
Phyllagathis_brevipedunculata,dry,colored,9
Phyllagathis_cavaleriei,dry,colored,7
Phyllagathis_cymigera,dry,colored,7
Phyllagathis_deltoidea,dry,colored,5
Phyllagathis_elattandra,dry,colored,10
Phyllagathis_fengii,dry,colored,8
Phyllagathis_hainanensis,dry,colored,11
Phyllagathis_hispida,dry,colored,13
Phyllagathis_hispidissima,dry,colored,11
Phyllagathis_longiradiosa,dry,colored,4
Phyllagathis_marumiaetricha,dry,colored,25
Phyllagathis_megalocentra,dry,colored,7
Phyllagathis_melastomatoides,dry,colored,18
Phyllagathis_oligotricha,dry,colored,4
Phyllagathis_ovalifolia,dry,colored,14
Phyllagathis_plagiopetala,dry,colored,7
Phyllagathis_prostrata,dry,colored,8
Phyllagathis_rajah,dry,white,11
Phyllagathis_rotundifolia,dry,colored,9
Phyllagathis_sessilifolia,dry,colored,10
Phyllagathis_setotheca,dry,colored,14
Phyllagathis_stenophylla,dry,colored,12
Phyllagathis_suberalata,dry,colored,8
Phyllagathis_tentaculifera,dry,colored,11
Phyllagathis_ternata,dry,colored,7
Phyllagathis_tetrandra,dry,colored,7
Phyllagathis_tonkinensis,dry,colored,4.5
Phyllagathis_truncata,dry,colored,13.5
Phyllagathis_tuberosa,dry,colored,3.5
Physeterostemon_gomesii,dry,white,4.7
Physeterostemon_thomasii,dry,white,7.2
Pilocosta_campanensis,dry,colored,11
Pilocosta_erythrophylla,dry,colored,11
Pilocosta_nana,dry,colored,14
Pilocosta_nubicola,dry,colored,15
Pilocosta_oerstedii,dry,colored,12
Plagiopetalum_esquirolii,dry,colored,10
Plagiopetalum_tenuicaule,dry,colored,6
Pleiochiton_blepharodes,fleshy,colored,8
Pleiochiton_crassifolium,fleshy,colored,7.7
Pleiochiton_ebracteatum,fleshy,colored,6.7
Pleiochiton_roseum,fleshy,colored,5
Pleroma_ackermannii,dry,colored,22
Pleroma_andersregnellii,dry,colored,32
Pleroma_arboreum,dry,colored,45
Pleroma_caissara,dry,colored,45
Pleroma_candolleanum,dry,colored,35
Pleroma_clavatum,dry,colored,23
Pleroma_dubium,dry,colored,27
Pleroma_echinatum,dry,colored,18
Pleroma_estrellense,dry,colored,31
Pleroma_ferricola,dry,colored,12.5
Pleroma_fothergillii,dry,colored,28
Pleroma_foveolatum,dry,colored,39
Pleroma_fragae,dry,colored,14
Pleroma_frigidulum,dry,colored,23
Pleroma_granulosum,dry,colored,33
Pleroma_guartelaensis,dry,colored,27.9
Pleroma_hatschbachii,dry,colored,30
Pleroma_heteromallum,dry,colored,19.5
Pleroma_hospitum,dry,white,9
Pleroma_integerrimum,dry,white,9
Pleroma_kuhlmannii,dry,colored,50
Pleroma_langsdorffianum,dry,colored,23
Pleroma_leopoldinensis,dry,colored,18
Pleroma_lutzii,dry,colored,20
Pleroma_martiale,dry,colored,20
Pleroma_minus,dry,colored,15
Pleroma_minutiflorum,dry,white,3
Pleroma_molle,dry,colored,15
Pleroma_mosenii,dry,colored,10
Pleroma_petiolatum,dry,colored,9
Pleroma_raddianum,dry,colored,52
Pleroma_reitzii,dry,colored,39
Pleroma_riedelianum,dry,colored,20
Pleroma_scaberrimum,dry,colored,16
Pleroma_schenckii,dry,colored,19
Pleroma_sellowianum,dry,colored,34
Pleroma_semidecandrum,dry,colored,43
Pleroma_setosociliatum,dry,colored,28.8
Pleroma_stenocarpum,dry,colored,28
Pleroma_tedescoi,dry,colored,22
Pleroma_ursinum,dry,colored,21
Pleroma_urvilleanum,dry,colored,40
Pleroma_wurdackianum,dry,colored,16
Poilannammia_costata,dry,colored,3
Poilannammia_incisa,dry,colored,6
Pseudodissochaeta_assamica,fleshy,colored,3
Pseudodissochaeta_septentrionalis,fleshy,colored,10
Pseudoernestia_glandulosa,dry,white,8
Pternandra_echinata,fleshy,colored,13
Pternandra_tuberculata,fleshy,colored,5
Pterolepis_alpestris,dry,colored,13
Pterolepis_buraeavii,dry,colored,12
Pterolepis_cataphracta,dry,colored,10
Pterolepis_cearensis,dry,colored,6
Pterolepis_glomerata,dry,colored,12
Pterolepis_haplostemona,dry,colored,5.5
Pterolepis_parnassiifolia,dry,colored,14
Pterolepis_perpusilla,dry,colored,5
Pterolepis_picorondonica,dry,white,8.5
Pterolepis_polygonoides,dry,colored,8
Pterolepis_repanda,dry,colored,22
Pterolepis_riedeliana,dry,colored,12
Pterolepis_rotundifolia,dry,colored,15
Pterolepis_stenophylla,dry,colored,7
Pterolepis_trichotoma,dry,colored,12
Quipuanthus_epipetricus,dry,colored,17
Rhexia_alifanus,dry,colored,25
Rhexia_lutea,dry,colored,15
Rhexia_mariana,dry,colored,20
Rhexia_nashii,dry,colored,25
Rhexia_nuttallii,dry,colored,12
Rhexia_parviflora,dry,white,13
Rhexia_virginica,dry,colored,20
Rhynchanthera_apurensis,dry,colored,12
Rhynchanthera_brachyrhyncha,dry,colored,19
Rhynchanthera_bracteata,dry,colored,30
Rhynchanthera_cordata,dry,colored,12
Rhynchanthera_dichotoma,dry,colored,13
Rhynchanthera_gardneri,dry,colored,22
Rhynchanthera_grandiflora,dry,colored,25
Rhynchanthera_hispida,dry,colored,14
Rhynchanthera_latifolia,dry,colored,25
Rhynchanthera_mexicana,dry,colored,27
Rhynchanthera_novemnervia,dry,colored,25
Rhynchanthera_paludicola,dry,colored,17
Rhynchanthera_serrulata,dry,colored,15
Rhynchanthera_ursina,dry,colored,20
Rhynchanthera_verbenoides,dry,colored,20
Rostranthera_tetraptera,dry,colored,4.5
Rupestrea_carvalhoana,dry,colored,5
Salpinga_maguirei,dry,colored,5
Salpinga_secunda,dry,white,11
Sandemania_hoehnei,dry,colored,4.5
Sarcopyramis_bodinieri,dry,colored,4
Sarcopyramis_napalensis,dry,colored,13
Schwackaea_cupheoides,dry,colored,7
Scorpiothyrsus_erythrotrichus,dry,colored,2
Scorpiothyrsus_shangszeensis,dry,colored,7
Scorpiothyrsus_xanthostictus,dry,colored,3
Siphanthera_arenaria,dry,colored,5
Siphanthera_cordata,dry,colored,4.5
Siphanthera_cordifolia,dry,colored,4
Siphanthera_cowanii,dry,colored,2.7
Siphanthera_dawsonii,dry,white,2
Siphanthera_duidae,dry,colored,3
Siphanthera_foliosa,dry,colored,3
Siphanthera_hostmannii,dry,colored,1.7
Sonerila_calophylla,dry,colored,13
Sonerila_cantonensis,dry,colored,10
Sonerila_coriacea,dry,colored,15
Sonerila_dongnathamensis,dry,colored,5
Sonerila_erecta,dry,colored,7
Sonerila_griffithii,dry,colored,17
Sonerila_helferi,dry,colored,11
Sonerila_integrifolia,dry,colored,6
Sonerila_maculata,dry,colored,10
Sonerila_metallica,dry,colored,5.5
Sonerila_moluccana,dry,colored,7
Sonerila_obliqua,dry,colored,8
Sonerila_plagiocardia,dry,colored,11
Sonerila_rheedii,dry,colored,12
Sonerila_tuberosa,dry,colored,5
Sonerila_urceolata,dry,colored,13
Sonerila_violaefolia,dry,colored,10
Sporoxeia_clavicalcarata,dry,colored,7
Sporoxeia_sciadophila,dry,colored,9
Stanmarkia_medialis,dry,colored,17
Stanmarkia_spectabilis,dry,colored,25
Styrophyton_caudatum,dry,colored,1.5
Tashiroea_oligotricha,dry,colored,7
Tashiroea_quadrangularis,dry,colored,8
Tashiroea_sessilifolia,dry,colored,8
Tashiroea_sinensis,dry,colored,10
Tessmannianthus_carinatus,dry,colored,7.75
Tessmannianthus_cereifolius,dry,colored,3
Tessmannianthus_gordonii,dry,colored,4.5
Tetrazygia_barbata,fleshy,colored,8.5
Tetrazygia_bicolor,fleshy,colored,55
Tetrazygia_coriacea,fleshy,colored,11
Tetrazygia_cristalensis,fleshy,white,7.5
Tetrazygia_decorticans,fleshy,white,5.5
Tetrazygia_elaeagnoides,fleshy,white,12
Tetrazygia_lanceolata,fleshy,white,6.3
Tetrazygia_paralongicollis,fleshy,white,6.1
Tibouchina_aegopogon,dry,colored,18
Tibouchina_arthrostemmoides,dry,colored,17
Tibouchina_aspera,dry,colored,15
Tibouchina_bipenicillata,dry,colored,20
Tibouchina_caatingae,dry,colored,2
Tibouchina_chiapensis,dry,colored,8.5
Tibouchina_connata,dry,colored,12
Tibouchina_hintonii,dry,colored,12
Tibouchina_longisepala,dry,colored,15
Tibouchina_macvaughii,dry,colored,8
Tibouchina_nanifolia,dry,colored,15
Tibouchina_oroensis,dry,colored,20
Tibouchina_patens,dry,colored,19
Tibouchina_sinaloensis,dry,colored,15
Tibouchina_thulia,dry,colored,13
Tibouchina_tortuosa,dry,colored,15
Tibouchina_xochiatencana,dry,colored,25
Tigridiopalma_magnifica,dry,colored,10
Tococa_aristata,fleshy,colored,10
Tococa_bolivarensis,fleshy,colored,11
Tococa_broadwayi,fleshy,white,10
Tococa_bullifera,fleshy,colored,6.5
Tococa_capitata,fleshy,colored,7
Tococa_caquetana,fleshy,white,3.5
Tococa_carolensis,fleshy,white,11
Tococa_caryophyllaea,fleshy,colored,6
Tococa_caudata,fleshy,colored,3.5
Tococa_ciliata,fleshy,white,14
Tococa_cinnamomea,fleshy,colored,7
Tococa_cordata,fleshy,colored,14
Tococa_coronata,fleshy,colored,11
Tococa_croatii,fleshy,colored,6
Tococa_desiliens,fleshy,colored,7
Tococa_erioneura,fleshy,colored,6.5
Tococa_erythrophylla,fleshy,colored,6.5
Tococa_filiformis,fleshy,colored,9
Tococa_guianensis,fleshy,colored,15
Tococa_hirta,fleshy,white,13.5
Tococa_lancifolia,fleshy,colored,12
Tococa_liesneri,fleshy,colored,11.5
Tococa_macrophysca,fleshy,colored,9
Tococa_macroptera,fleshy,colored,12.5
Tococa_macrosperma,fleshy,colored,25
Tococa_meridensis,fleshy,white,7.5
Tococa_nitens,fleshy,colored,13
Tococa_obovata,fleshy,colored,22
Tococa_oligantha,fleshy,colored,8.5
Tococa_pachystachya,fleshy,colored,8
Tococa_parviflora,fleshy,white,5.5
Tococa_perclara,fleshy,colored,9
Tococa_platyphylla,fleshy,white,13
Tococa_quadrialata,fleshy,colored,13
Tococa_racemifera,fleshy,white,3.1
Tococa_raggiana,fleshy,colored,11
Tococa_rotundifolia,fleshy,colored,14.5
Tococa_spadiciflora,fleshy,colored,4
Tococa_stellata,fleshy,colored,13
Tococa_stephanotricha,fleshy,colored,13
Tococa_subciliata,fleshy,colored,11
Tococa_symphyandra,fleshy,colored,8
Tococa_tepuiensis,fleshy,colored,9.5
Topobea_parvifolia,fleshy,colored,10
Trembleya_acuminata,dry,colored,8.7
Trembleya_botaensis,dry,colored,14
Trembleya_parviflora,dry,white,10
Trembleya_phlogiformis,dry,colored,12
Trembleya_thomazii,dry,white,11
Triolena_calciphila,dry,white,90
Triolena_dressleri,dry,white,5
Triolena_hirsuta,dry,colored,5
Triolena_izabalensis,dry,white,8
Triolena_paleolata,dry,colored,13
Triolena_pileoides,dry,colored,3.5
Triolena_pumila,dry,white,7
Triolena_scorpioides,dry,colored,7.5
Triolena_spicata,dry,colored,3.5
Triolena_stenophylla,dry,white,8
Votomita_cupuliformis,fleshy,colored,8
Votomita_guianensis,fleshy,colored,6.5
Votomita_monadelpha,fleshy,colored,16
Votomita_monantha,fleshy,colored,7
Votomita_orbinaxia,fleshy,colored,9
Votomita_orinocensis,fleshy,white,5.8
Warneckea_masoalae,fleshy,white,4.5